{"cameraMode":{"drawMode":0,"name":"Shaded","section":"Shading Mode"},"sceneLighting":false,"audioPlay":false,"sceneViewState":{"m_AlwaysRefresh":false,"showFog":true,"showSkybox":false,"showFlares":true,"showImageEffects":true,"showParticleSystems":true,"showVisualEffectGraphs":true,"m_FxEnabled":true},"in2DMode":false,"pivot":{"x":0.48095500469207766,"y":0.19099795818328858,"z":-0.21068459749221803},"rotation":{"x":0.16006727516651154,"y":0.694389283657074,"z":-0.1628778576850891,"w":0.6824088096618652},"size":1.0851930379867554,"orthographic":false}