{"cameraMode":{"drawMode":0,"name":"Shaded","section":"Shading Mode"},"sceneLighting":true,"audioPlay":false,"sceneViewState":{"m_AlwaysRefresh":false,"showFog":true,"showSkybox":true,"showFlares":true,"showImageEffects":true,"showParticleSystems":true,"showVisualEffectGraphs":true,"m_FxEnabled":true},"in2DMode":false,"pivot":{"x":6.290008544921875,"y":-0.06200814247131348,"z":-1.4213796854019166},"rotation":{"x":0.005170037969946861,"y":0.9473877549171448,"z":-0.015362448990345002,"w":0.3197501003742218},"size":4.063720226287842,"orthographic":false}