{"cameraMode":{"drawMode":0,"name":"Shaded","section":"Shading Mode"},"sceneLighting":false,"audioPlay":false,"sceneViewState":{"m_AlwaysRefresh":false,"showFog":false,"showSkybox":false,"showFlares":false,"showImageEffects":false,"showParticleSystems":false,"showVisualEffectGraphs":true,"m_FxEnabled":true},"in2DMode":false,"pivot":{"x":-0.31435903906822207,"y":0.37623873353004458,"z":0.4903579354286194},"rotation":{"x":0.157688707113266,"y":0.02517937496304512,"z":-0.004019713960587978,"w":0.9871830344200134},"size":1.921427607536316,"orthographic":false}