{"cameraMode":{"drawMode":0,"name":"Shaded","section":"Shading Mode"},"sceneLighting":false,"audioPlay":false,"sceneViewState":{"m_AlwaysRefresh":false,"showFog":false,"showSkybox":false,"showFlares":false,"showImageEffects":false,"showParticleSystems":false,"showVisualEffectGraphs":true,"m_FxEnabled":true},"in2DMode":false,"pivot":{"x":0.0019909143447875978,"y":0.23898422718048097,"z":0.08029134571552277},"rotation":{"x":0.38912129402160647,"y":-0.030390283092856408,"z":0.012847613543272019,"w":0.920620858669281},"size":0.8523114919662476,"orthographic":false}