{"cameraMode":{"drawMode":0,"name":"Shaded","section":"Shading Mode"},"sceneLighting":false,"audioPlay":false,"sceneViewState":{"m_AlwaysRefresh":false,"showFog":false,"showSkybox":false,"showFlares":false,"showImageEffects":false,"showParticleSystems":false,"showVisualEffectGraphs":true,"m_FxEnabled":true},"in2DMode":false,"pivot":{"x":0.9927184581756592,"y":0.987284243106842,"z":-2.646808385848999},"rotation":{"x":-0.009580394253134728,"y":0.9883816838264465,"z":0.07039511203765869,"w":0.13454607129096986},"size":2.0918400287628176,"orthographic":false}