{"cameraMode":{"drawMode":0,"name":"Shaded","section":"Shading Mode"},"sceneLighting":false,"audioPlay":false,"sceneViewState":{"m_AlwaysRefresh":false,"showFog":false,"showSkybox":false,"showFlares":false,"showImageEffects":false,"showParticleSystems":false,"showVisualEffectGraphs":true,"m_FxEnabled":true},"in2DMode":false,"pivot":{"x":0.010393798351287842,"y":0.25722575187683108,"z":0.047679364681243899},"rotation":{"x":0.38912129402160647,"y":-0.030390283092856408,"z":0.012847613543272019,"w":0.920620858669281},"size":1.5370780229568482,"orthographic":false}